os,r,x,N,q_ref,q_par,abs_diff,rel_diff,time_us
deb,5,1.1,1,104899000.0,104899000.0,0.0,0.0,4.375
deb,5,1.1,2,104899000.0,104899000.0,1.49012e-08,1.42053e-16,9.109
deb,5,1.1,3,104899000.0,104899000.0,1.49012e-08,1.42053e-16,11.941
deb,0,1.1,4,1.0,1.0,0.0,0.0,15.544
deb,1,1.1,4,3.132,3.132,4.44089e-16,1.41791e-16,10.747
deb,2,1.1,4,13.0072,13.0072,0.0,0.0,14.797
deb,3,1.1,4,104.287,104.287,1.42109e-14,1.36267e-16,19.553
deb,4,1.1,4,6857.19,6857.19,9.09495e-13,1.32634e-16,12.512
deb,5,1.1,4,104899000.0,104899000.0,0.0,0.0,16.11
deb,5,1.1,4,104899000.0,104899000.0,0.0,0.0,11.916
deb,6,-2.0,4,-6.36124e+115,-6.36124e+115,0.0,0.0,32.552
deb,6,-1.9,4,-1.83713e+107,-1.83713e+107,0.0,0.0,11.832
deb,6,-1.8,4,-1.83084e+98,-1.83084e+98,0.0,0.0,13.834
deb,6,-1.7,4,-5.57442e+88,-5.57442e+88,0.0,0.0,15.65
deb,6,-1.6,4,-4.49045e+78,-4.49045e+78,0.0,0.0,6.46
deb,6,-1.5,4,-8.05949e+67,-8.05949e+67,0.0,0.0,17.31
deb,6,-1.4,4,-2.61923e+56,-2.61923e+56,0.0,0.0,16.904
deb,6,-1.3,4,-1.19606e+44,-1.19606e+44,0.0,0.0,12.599
deb,6,-1.2,4,-5.60311e+30,-5.60311e+30,0.0,0.0,16.612
deb,6,-1.1,4,-1.81069e+16,-1.81069e+16,4.0,2.2091e-16,18.48
deb,6,-0.9,4,1.52909,1.52909,1.11022e-15,7.2607e-16,14.07
deb,6,-0.8,4,1.55864,1.55864,4.44089e-16,2.84921e-16,14.702
deb,6,-0.7,4,1.5917,1.5917,2.22045e-16,1.39502e-16,6.257
deb,6,-0.6,4,1.62891,1.62891,2.22045e-16,1.36315e-16,28.673
deb,6,-0.5,4,1.67111,1.67111,2.22045e-16,1.32872e-16,15.403
deb,6,-0.4,4,1.71939,1.71939,2.22045e-16,1.29142e-16,9.356
deb,6,-0.3,4,1.77515,1.77515,2.22045e-16,1.25085e-16,18.232
deb,6,-0.2,4,1.84028,1.84028,2.22045e-16,1.20658e-16,11.742
deb,6,-0.1,4,1.91736,1.91736,2.22045e-16,1.15808e-16,16.625
deb,6,0.1,4,2.12346,2.12346,0.0,0.0,17.039
deb,6,0.2,4,2.26562,2.26562,0.0,0.0,12.261
deb,6,0.3,4,2.44898,2.44898,0.0,0.0,21.254
deb,6,0.4,4,2.69444,2.69444,0.0,0.0,17.415
deb,6,0.5,4,3.04,3.04,0.0,0.0,11.427
deb,6,0.6,4,3.5625,3.5625,0.0,0.0,12.302
deb,6,0.7,4,4.44444,4.44444,1.77636e-15,3.9968e-16,28.569
deb,6,0.8,4,6.25,6.25,0.0,0.0,16.55
deb,6,0.9,4,12.0,12.0,1.77636e-15,1.4803e-16,34.878
deb,6,1.1,4,3.72023e+17,3.72023e+17,64.0,1.72033e-16,14.176
deb,6,1.1,4,3.72023e+17,3.72023e+17,64.0,1.72033e-16,6.339
deb,6,1.2,4,6.09402e+31,6.09402e+31,0.0,0.0,15.958
deb,6,1.3,4,9.0985e+44,9.0985e+44,0.0,0.0,14.136
deb,6,1.4,4,1.56208e+57,1.56208e+57,0.0,0.0,15.266
deb,6,1.5,4,4.00978e+68,4.00978e+68,0.0,0.0,15.397
deb,6,1.6,4,1.93762e+79,1.93762e+79,0.0,0.0,13.98
deb,6,1.7,4,2.14215e+89,2.14215e+89,0.0,0.0,15.414
deb,6,1.8,4,6.38667e+98,6.38667e+98,0.0,0.0,13.844
deb,6,1.9,4,5.90184e+107,5.90184e+107,0.0,0.0,13.178
deb,6,2.0,4,1.90312e+116,1.90312e+116,0.0,0.0,10.38
deb,7,1.1,4,1.20704e+39,1.20704e+39,0.0,0.0,17.267
deb,8,1.1,4,1.2654e+87,1.2654e+87,0.0,0.0,15.802
deb,9,1.1,4,2.56688e+193,2.56688e+193,0.0,0.0,17.664
deb,10,1.1,4,inf,inf,,,25.133
deb,5,1.1,8,104899000.0,104899000.0,0.0,0.0,26.388
deb,5,1.1,16,104899000.0,104899000.0,0.0,0.0,33.038
deb,5,1.1,32,104899000.0,104899000.0,0.0,0.0,8012.97
deb,5,1.1,100,104899000.0,104899000.0,0.0,0.0,43995.1
git,5,1.1,1,104899000.0,104899000.0,0.0,0.0,1.823
git,5,1.1,2,104899000.0,104899000.0,1.49012e-08,1.42053e-16,14.572
git,5,1.1,3,104899000.0,104899000.0,1.49012e-08,1.42053e-16,15.746
git,0,1.1,4,1.0,1.0,0.0,0.0,127.237
git,1,1.1,4,3.132,3.132,4.44089e-16,1.41791e-16,123.395
git,2,1.1,4,13.0072,13.0072,0.0,0.0,98.43
git,3,1.1,4,104.287,104.287,0.0,0.0,110.75
git,4,1.1,4,6857.19,6857.19,9.09495e-13,1.32634e-16,122.902
git,5,1.1,4,104899000.0,104899000.0,1.49012e-08,1.42053e-16,89.937
git,5,1.1,4,104899000.0,104899000.0,1.49012e-08,1.42053e-16,76.571
git,6,-2.0,4,-6.36124e+115,-6.36124e+115,0.0,0.0,88.208
git,6,-1.9,4,-1.83713e+107,-1.83713e+107,0.0,0.0,188.398
git,6,-1.8,4,-1.83084e+98,-1.83084e+98,0.0,0.0,103.6
git,6,-1.7,4,-5.57442e+88,-5.57442e+88,0.0,0.0,84.041
git,6,-1.6,4,-4.49045e+78,-4.49045e+78,0.0,0.0,47.893
git,6,-1.5,4,-8.05949e+67,-8.05949e+67,0.0,0.0,164.028
git,6,-1.4,4,-2.61923e+56,-2.61923e+56,0.0,0.0,99.623
git,6,-1.3,4,-1.19606e+44,-1.19606e+44,0.0,0.0,119.518
git,6,-1.2,4,-5.60311e+30,-5.60311e+30,0.0,0.0,130.903
git,6,-1.1,4,-1.81069e+16,-1.81069e+16,4.0,2.2091e-16,214.593
git,6,-0.9,4,1.52909,1.52909,1.11022e-15,7.2607e-16,87.274
git,6,-0.8,4,1.55864,1.55864,4.44089e-16,2.84921e-16,73.911
git,6,-0.7,4,1.5917,1.5917,2.22045e-16,1.39502e-16,121.594
git,6,-0.6,4,1.62891,1.62891,2.22045e-16,1.36315e-16,77.903
git,6,-0.5,4,1.67111,1.67111,2.22045e-16,1.32872e-16,85.408
git,6,-0.4,4,1.71939,1.71939,2.22045e-16,1.29142e-16,98.826
git,6,-0.3,4,1.77515,1.77515,2.22045e-16,1.25085e-16,106.07
git,6,-0.2,4,1.84028,1.84028,2.22045e-16,1.20658e-16,92.592
git,6,-0.1,4,1.91736,1.91736,2.22045e-16,1.15808e-16,96.43
git,6,0.1,4,2.12346,2.12346,0.0,0.0,133.967
git,6,0.2,4,2.26562,2.26562,0.0,0.0,136.331
git,6,0.3,4,2.44898,2.44898,0.0,0.0,154.331
git,6,0.4,4,2.69444,2.69444,0.0,0.0,1664.9
git,6,0.5,4,3.04,3.04,0.0,0.0,131.186
git,6,0.6,4,3.5625,3.5625,0.0,0.0,117.532
git,6,0.7,4,4.44444,4.44444,1.77636e-15,3.9968e-16,93.738
git,6,0.8,4,6.25,6.25,0.0,0.0,148.827
git,6,0.9,4,12.0,12.0,3.55271e-15,2.96059e-16,114.016
git,6,1.1,4,3.72023e+17,3.72023e+17,0.0,0.0,118.672
git,6,1.1,4,3.72023e+17,3.72023e+17,0.0,0.0,86.934
git,6,1.2,4,6.09402e+31,6.09402e+31,0.0,0.0,116.439
git,6,1.3,4,9.0985e+44,9.0985e+44,0.0,0.0,162.947
git,6,1.4,4,1.56208e+57,1.56208e+57,0.0,0.0,103.916
git,6,1.5,4,4.00978e+68,4.00978e+68,0.0,0.0,105.886
git,6,1.6,4,1.93762e+79,1.93762e+79,0.0,0.0,101.089
git,6,1.7,4,2.14215e+89,2.14215e+89,0.0,0.0,110.647
git,6,1.8,4,6.38667e+98,6.38667e+98,0.0,0.0,135.621
git,6,1.9,4,5.90184e+107,5.90184e+107,0.0,0.0,96.61
git,6,2.0,4,1.90312e+116,1.90312e+116,0.0,0.0,100.286
git,7,1.1,4,1.20704e+39,1.20704e+39,0.0,0.0,268.597
git,8,1.1,4,1.2654e+87,1.2654e+87,0.0,0.0,102.764
git,9,1.1,4,2.56688e+193,2.56688e+193,0.0,0.0,103.213
git,10,1.1,4,inf,inf,,,104.871
git,5,1.1,8,104899000.0,104899000.0,0.0,0.0,233.366
git,5,1.1,16,104899000.0,104899000.0,1.49012e-08,1.42053e-16,497.192
git,5,1.1,32,104899000.0,104899000.0,0.0,0.0,10092.3
git,5,1.1,100,104899000.0,104899000.0,0.0,0.0,21370.8
